{
  "tools": {
    "axe": {
      "name": "Axe",
      "icon": "minecraft:diamond_axe",
      "toollist": [
        "TConstruct:hatchet",
        "appliedenergistics2:item.ToolCertusQuartzAxe",
        "appliedenergistics2:item.ToolNetherQuartzAxe",
        "exnihilo:crook",
        "exnihilo:crook_bone",
        "minecraft:diamond_axe",
        "minecraft:golden_axe",
        "minecraft:iron_axe",
        "minecraft:stone_axe",
        "minecraft:wooden_axe"
      ],
      "blocklist": [
        "5",
        "BiomesOPlenty:appleLeaves",
        "BiomesOPlenty:colorizedLeaves1",
        "BiomesOPlenty:colorizedLeaves2",
        "BiomesOPlenty:leaves1",
        "BiomesOPlenty:leaves2",
        "BiomesOPlenty:leaves3",
        "BiomesOPlenty:leaves4",
        "BiomesOPlenty:logs1/0",
        "BiomesOPlenty:logs1/1",
        "BiomesOPlenty:logs1/2",
        "BiomesOPlenty:logs1/3",
        "BiomesOPlenty:logs2/0",
        "BiomesOPlenty:logs2/1",
        "BiomesOPlenty:logs2/2",
        "BiomesOPlenty:logs2/3",
        "BiomesOPlenty:logs3/0",
        "BiomesOPlenty:logs3/1",
        "BiomesOPlenty:logs3/2",
        "BiomesOPlenty:logs3/3",
        "BiomesOPlenty:logs4/0",
        "BiomesOPlenty:logs4/1",
        "BiomesOPlenty:logs4/2",
        "BiomesOPlenty:persimmonLeaves",
        "MineFactoryReloaded:",
        "MineFactoryReloaded:rubberwood.log",
        "MorePlanet:ancient_dark_leaves",
        "MorePlanet:crystal_leaves",
        "MorePlanet:crystal_log",
        "MorePlanet:fronos_leaves",
        "MorePlanet:fronos_leaves2",
        "MorePlanet:fronos_log",
        "MorePlanet:nibiru_log",
        "MorePlanet:orange_leaves",
        "Natura:Dark Leaves",
        "Natura:Dark Tree/0",
        "Natura:Dark Tree/1",
        "Natura:Rare Leaves",
        "Natura:Rare Tree/0",
        "Natura:Rare Tree/1",
        "Natura:Rare Tree/2",
        "Natura:Rare Tree/3",
        "Natura:floraleaves",
        "Natura:floraleavesnocolor",
        "Natura:redwood/1",
        "Natura:tree/0",
        "Natura:tree/1",
        "Natura:tree/2",
        "Natura:tree/3",
        "Natura:willow/0",
        "Oak_Wood_Planks",
        "Thaumcraft:blockMagicalLog/0",
        "Thaumcraft:blockMagicalLog/1",
        "TwilightForest:tile.TFLeaves",
        "TwilightForest:tile.TFLog",
        "TwilightForest:tile.TFMagicLeaves",
        "TwilightForest:tile.TFMagicLog",
        "erebus:leavesAsper/0",
        "erebus:leavesBaobab/0",
        "erebus:leavesCypress/0",
        "erebus:leavesEucalyptus/0",
        "erebus:leavesMahogany/0",
        "erebus:leavesMarshwood/0",
        "erebus:leavesMossbark/0",
        "erebus:leavesSap/0",
        "erebus:logAsper/0",
        "erebus:logBaobab/0",
        "erebus:logCypress/0",
        "erebus:logEucalyptus/0",
        "erebus:logMahogany/0",
        "erebus:logMarshwood/0",
        "erebus:logMossbark/0",
        "erebus:logRotten/0",
        "erebus:logSap/0",
        "erebus:log_scorched/0",
        "erebus:saplessLog/0",
        "exnihilo:infested_leaves",
        "harvestcraft:pamCinnamon/0",
        "harvestcraft:pamMaple/0",
        "harvestcraft:pamPaperbark/0",
        "minecraft:fence",
        "minecraft:leaves",
        "minecraft:leaves2",
        "minecraft:log",
        "minecraft:log2",
        "minecraft:planks",
        "witchery:witchleaves",
        "witchery:witchlog"
      ]
    },
    "crook": {
      "name": "Crook",
      "icon": "exnihilo:crook",
      "toollist": [
        "exastris:crook_rf",
        "exnihilo:crook",
        "exnihilo:crook_bone"
      ],
      "blocklist": [
        "exnihilo:infested_leaves",
        "minecraft:leaves",
        "minecraft:leaves2",
        "minecraft:tallgrass",
        "minecraft:vine",
        "minecraft:web",
        "minecraft:wool"
      ]
    },
    "hammer": {
      "name": "Hammer",
      "icon": "exnihilo:hammer_stone",
      "toollist": [
        "exastris:hammer_rf",
        "exnihilo:hammer_diamond",
        "exnihilo:hammer_gold",
        "exnihilo:hammer_iron",
        "exnihilo:hammer_stone",
        "exnihilo:hammer_wood"
      ],
      "blocklist": [
        "ExtraUtilities:cobblestone_compressed",
        "Quadrum:compresseddust",
        "exnihilo:aluminum_dust",
        "exnihilo:aluminum_gravel",
        "exnihilo:aluminum_sand",
        "exnihilo:copper_dust",
        "exnihilo:copper_gravel",
        "exnihilo:copper_sand",
        "exnihilo:dust",
        "exnihilo:ender_lead_gravel",
        "exnihilo:ender_platinum_gravel",
        "exnihilo:ender_silver_gravel",
        "exnihilo:ender_tin_gravel",
        "exnihilo:exnihilo.gravel_ender",
        "exnihilo:exnihilo.gravel_nether",
        "exnihilo:gold_dust",
        "exnihilo:gold_gravel",
        "exnihilo:gold_sand",
        "exnihilo:iron_dust",
        "exnihilo:iron_gravel",
        "exnihilo:iron_sand",
        "exnihilo:lead_dust",
        "exnihilo:lead_gravel",
        "exnihilo:lead_sand",
        "exnihilo:nether_copper_gravel",
        "exnihilo:nether_gold_gravel",
        "exnihilo:nether_iron_gravel",
        "exnihilo:nether_nickel_gravel",
        "exnihilo:nickel_dust",
        "exnihilo:nickel_gravel",
        "exnihilo:nickel_sand",
        "exnihilo:platinum_dust",
        "exnihilo:platinum_gravel",
        "exnihilo:platinum_sand",
        "exnihilo:silver_dust",
        "exnihilo:silver_gravel",
        "exnihilo:silver_sand",
        "exnihilo:tin_dust",
        "exnihilo:tin_gravel",
        "exnihilo:tin_sand",
        "minecraft:cobblestone",
        "minecraft:gravel",
        "minecraft:sand"
      ]
    },
    "hoe": {
      "name": "Hoe",
      "icon": "minecraft:diamond_hoe",
      "toollist": [
        "TConstruct:mattock",
        "appliedenergistics2:item.ToolCertusQuartzHoe",
        "appliedenergistics2:item.ToolNetherQuartzHoe",
        "minecraft:diamond_hoe",
        "minecraft:golden_hoe",
        "minecraft:iron_hoe",
        "minecraft:stone_hoe",
        "minecraft:wooden_hoe"
      ],
      "blocklist": [
        "minecraft:carrots",
        "minecraft:melon_block",
        "minecraft:potatoes",
        "minecraft:pumpkin",
        "minecraft:wheat"
      ]
    },
    "pickaxe": {
      "name": "Pickaxe",
      "icon": "minecraft:diamond_pickaxe",
      "toollist": [
        "TConstruct:pickaxe",
        "appliedenergistics2:item.ToolCertusQuartzPickaxe",
        "appliedenergistics2:item.ToolNetherQuartzPickaxe",
        "minecraft:diamond_pickaxe",
        "minecraft:golden_pickaxe",
        "minecraft:iron_pickaxe",
        "minecraft:stone_pickaxe",
        "minecraft:wooden_pickaxe"
      ],
      "blocklist": [
        "BigReactors:YelloriteOre/0",
        "BiomesOPlenty:gemOre/2",
        "BiomesOPlenty:gemOre/4",
        "BiomesOPlenty:gemOre/6",
        "BiomesOPlenty:gemOre/8",
        "BiomesOPlenty:gemOre/10",
        "BiomesOPlenty:gemOre/12",
        "BiomesOPlenty:gemOre/14",
        "DefenseTech:oreSulfur/0",
        "DraconicEvolution:draconiumOre/0",
        "ExoElipse:elipse_basic/5",
        "ExtraPlanets:iapetus/3",
        "ExtraPlanets:iapetus/4",
        "ExtraPlanets:iapetus/5",
        "ExtraPlanets:oberon/3",
        "ExtraPlanets:oberon/4",
        "ExtraPlanets:oberon/5",
        "ExtraPlanets:tile.callisto/3",
        "ExtraPlanets:tile.callisto/4",
        "ExtraPlanets:tile.callisto/5",
        "ExtraPlanets:tile.ceres/3",
        "ExtraPlanets:tile.ceres/4",
        "ExtraPlanets:tile.ceres/5",
        "ExtraPlanets:tile.ceres/6",
        "ExtraPlanets:tile.deimos/3",
        "ExtraPlanets:tile.deimos/4",
        "ExtraPlanets:tile.deimos/5",
        "ExtraPlanets:tile.deimos/6",
        "ExtraPlanets:tile.eris/3",
        "ExtraPlanets:tile.eris/4",
        "ExtraPlanets:tile.eris/5",
        "ExtraPlanets:tile.europa/3",
        "ExtraPlanets:tile.europa/4",
        "ExtraPlanets:tile.europa/5",
        "ExtraPlanets:tile.ganymede/3",
        "ExtraPlanets:tile.ganymede/4",
        "ExtraPlanets:tile.ganymede/5",
        "ExtraPlanets:tile.io/3",
        "ExtraPlanets:tile.io/4",
        "ExtraPlanets:tile.io/5",
        "ExtraPlanets:tile.jupiter/3",
        "ExtraPlanets:tile.jupiter/4",
        "ExtraPlanets:tile.jupiter/5",
        "ExtraPlanets:tile.jupiter/6",
        "ExtraPlanets:tile.jupiter/7",
        "ExtraPlanets:tile.jupiter/10",
        "ExtraPlanets:tile.kepler22b/2",
        "ExtraPlanets:tile.kepler22b/3",
        "ExtraPlanets:tile.kepler22b/4",
        "ExtraPlanets:tile.kepler22b/5",
        "ExtraPlanets:tile.kepler22b/6",
        "ExtraPlanets:tile.kepler22b/7",
        "ExtraPlanets:tile.kepler22b/8",
        "ExtraPlanets:tile.kepler22b/9",
        "ExtraPlanets:tile.kepler22b/10",
        "ExtraPlanets:tile.mercury/3",
        "ExtraPlanets:tile.mercury/4",
        "ExtraPlanets:tile.mercury/5",
        "ExtraPlanets:tile.mercury/6",
        "ExtraPlanets:tile.neptune/3",
        "ExtraPlanets:tile.neptune/4",
        "ExtraPlanets:tile.neptune/5",
        "ExtraPlanets:tile.neptune/6",
        "ExtraPlanets:tile.neptune/9",
        "ExtraPlanets:tile.phobos/3",
        "ExtraPlanets:tile.phobos/4",
        "ExtraPlanets:tile.phobos/5",
        "ExtraPlanets:tile.phobos/6",
        "ExtraPlanets:tile.pluto/3",
        "ExtraPlanets:tile.pluto/4",
        "ExtraPlanets:tile.pluto/5",
        "ExtraPlanets:tile.pluto/6",
        "ExtraPlanets:tile.rhea/3",
        "ExtraPlanets:tile.rhea/4",
        "ExtraPlanets:tile.rhea/5",
        "ExtraPlanets:tile.saturn/3",
        "ExtraPlanets:tile.saturn/4",
        "ExtraPlanets:tile.saturn/5",
        "ExtraPlanets:tile.saturn/6",
        "ExtraPlanets:tile.titan/3",
        "ExtraPlanets:tile.titan/4",
        "ExtraPlanets:tile.titan/5",
        "ExtraPlanets:tile.triton/2",
        "ExtraPlanets:tile.triton/3",
        "ExtraPlanets:tile.triton/4",
        "ExtraPlanets:tile.triton/5",
        "ExtraPlanets:tile.uranus/3",
        "ExtraPlanets:tile.uranus/6",
        "ExtraPlanets:tile.venus/3",
        "ExtraPlanets:tile.venus/4",
        "ExtraPlanets:tile.venus/5",
        "ExtraPlanets:tile.venus/6",
        "ExtraPlanets:tile.venus/7",
        "ExtraPlanets:tile.venus/10",
        "ExtraPlanets:titania/3",
        "ExtraPlanets:titania/4",
        "ExtraPlanets:titania/5",
        "GalacticraftCore:tile.gcBlockCore/5",
        "GalacticraftCore:tile.gcBlockCore/6",
        "GalacticraftCore:tile.gcBlockCore/7",
        "GalacticraftCore:tile.gcBlockCore/8",
        "GalacticraftCore:tile.moonBlock/0",
        "GalacticraftCore:tile.moonBlock/1",
        "GalacticraftCore:tile.moonBlock/2",
        "GalacticraftMars:tile.asteroidsBlock/3",
        "GalacticraftMars:tile.asteroidsBlock/4",
        "GalacticraftMars:tile.asteroidsBlock/5",
        "GalacticraftMars:tile.mars/0",
        "GalacticraftMars:tile.mars/1",
        "GalacticraftMars:tile.mars/2",
        "GalacticraftMars:tile.mars/3",
        "HardcoreEnderExpansion:end_powder_ore/0",
        "HardcoreEnderExpansion:endium_ore/0",
        "HardcoreEnderExpansion:igneous_rock_ore/0",
        "HardcoreEnderExpansion:instability_orb_ore/0",
        "HardcoreEnderExpansion:stardust_ore/0",
        "ImmersiveEngineering:ore/0",
        "ImmersiveEngineering:ore/1",
        "ImmersiveEngineering:ore/2",
        "ImmersiveEngineering:ore/3",
        "ImmersiveEngineering:ore/4",
        "Magneticraft:copper_ore/0",
        "Magneticraft:salt_ore/0",
        "Magneticraft:sulfur_ore/0",
        "Magneticraft:thorium_ore/0",
        "Magneticraft:tungsten_ore/0",
        "Magneticraft:uranium_ore/0",
        "Magneticraft:zinc_ore/0",
        "Mekanism:OreBlock/0",
        "Mekanism:OreBlock/1",
        "Mekanism:OreBlock/2",
        "Metallurgy:base.ore/0",
        "Metallurgy:base.ore/1",
        "Metallurgy:base.ore/2",
        "Metallurgy:ender.ore/0",
        "Metallurgy:ender.ore/1",
        "Metallurgy:fantasy.ore/0",
        "Metallurgy:fantasy.ore/1",
        "Metallurgy:fantasy.ore/2",
        "Metallurgy:fantasy.ore/4",
        "Metallurgy:fantasy.ore/5",
        "Metallurgy:fantasy.ore/6",
        "Metallurgy:fantasy.ore/7",
        "Metallurgy:fantasy.ore/8",
        "Metallurgy:fantasy.ore/11",
        "Metallurgy:fantasy.ore/13",
        "Metallurgy:fantasy.ore/14",
        "Metallurgy:nether.ore/0",
        "Metallurgy:nether.ore/1",
        "Metallurgy:nether.ore/2",
        "Metallurgy:nether.ore/3",
        "Metallurgy:nether.ore/4",
        "Metallurgy:nether.ore/5",
        "Metallurgy:nether.ore/6",
        "Metallurgy:nether.ore/7",
        "Metallurgy:nether.ore/8",
        "Metallurgy:nether.ore/9",
        "Metallurgy:precious.ore/0",
        "Metallurgy:precious.ore/1",
        "Metallurgy:precious.ore/2",
        "Metallurgy:utility.ore/0",
        "Metallurgy:utility.ore/1",
        "Metallurgy:utility.ore/2",
        "Metallurgy:utility.ore/3",
        "Metallurgy:utility.ore/4",
        "Metallurgy:utility.ore/5",
        "MineralEssentials:MineralEssentials_CobaltOre/0",
        "MineralEssentials:MineralEssentials_CopperOre/0",
        "MineralEssentials:MineralEssentials_FakeDiamondOre/0",
        "MineralEssentials:MineralEssentials_IridiumOre/0",
        "MineralEssentials:MineralEssentials_SteelOre/0",
        "MineralEssentials:MineralEssentials_TinOre/0",
        "MorePlanet:dark_asteroid_block/3",
        "MorePlanet:dark_asteroid_block/4",
        "MorePlanet:dark_asteroid_block/5",
        "MorePlanet:dark_asteroid_block/6",
        "MorePlanet:dark_asteroid_block/7",
        "MorePlanet:dark_asteroid_block/8",
        "MorePlanet:dark_asteroid_block/9",
        "MorePlanet:dark_asteroid_block/10",
        "MorePlanet:deimos_block/4",
        "MorePlanet:deimos_block/5",
        "MorePlanet:deimos_block/6",
        "MorePlanet:deimos_block/7",
        "MorePlanet:diona_block/4",
        "MorePlanet:diona_block/5",
        "MorePlanet:diona_block/6",
        "MorePlanet:diona_block/7",
        "MorePlanet:diona_block/8",
        "MorePlanet:diona_block/9",
        "MorePlanet:fronos_block/2",
        "MorePlanet:fronos_block/3",
        "MorePlanet:fronos_block/4",
        "MorePlanet:fronos_block/5",
        "MorePlanet:fronos_block/6",
        "MorePlanet:fronos_block/7",
        "MorePlanet:fronos_block/8",
        "MorePlanet:fronos_block/9",
        "MorePlanet:fronos_block/10",
        "MorePlanet:fronos_block1/0",
        "MorePlanet:fronos_block1/1",
        "MorePlanet:fronos_block1/2",
        "MorePlanet:fronos_block1/3",
        "MorePlanet:fronos_ore/0",
        "MorePlanet:kapteyn-b_block/4",
        "MorePlanet:kapteyn-b_block/5",
        "MorePlanet:kapteyn-b_block/6",
        "MorePlanet:kapteyn-b_block/7",
        "MorePlanet:kapteyn-b_block/8",
        "MorePlanet:kapteyn-b_block/9",
        "MorePlanet:koentus_block/4",
        "MorePlanet:koentus_block/5",
        "MorePlanet:koentus_block/6",
        "MorePlanet:koentus_block/7",
        "MorePlanet:koentus_block/8",
        "MorePlanet:mercury_block/4",
        "MorePlanet:mercury_block/5",
        "MorePlanet:mercury_block/6",
        "MorePlanet:mercury_block/7",
        "MorePlanet:mercury_block/8",
        "MorePlanet:metallic_rock/0",
        "MorePlanet:nibiru_block/4",
        "MorePlanet:nibiru_block/5",
        "MorePlanet:nibiru_block/6",
        "MorePlanet:nibiru_block/7",
        "MorePlanet:nibiru_block/8",
        "MorePlanet:oil_rock/0",
        "MorePlanet:oil_rock/1",
        "MorePlanet:phobos_block/4",
        "MorePlanet:phobos_block/5",
        "MorePlanet:phobos_block/6",
        "MorePlanet:phobos_block/7",
        "MorePlanet:pluto_block/4",
        "MorePlanet:pluto_block/5",
        "MorePlanet:pluto_block/6",
        "MorePlanet:pluto_block/7",
        "MorePlanet:polongnius_block",
        "MorePlanet:polongnius_block/1",
        "MorePlanet:polongnius_block/2",
        "MorePlanet:polongnius_block/3",
        "MorePlanet:polongnius_block/4",
        "MorePlanet:polongnius_block/5",
        "MorePlanet:polongnius_block/6",
        "MorePlanet:polongnius_block/7",
        "MorePlanet:polongnius_block/8",
        "MorePlanet:sirius_block/4",
        "MorePlanet:sirius_block/5",
        "MorePlanet:sirius_block/6",
        "MorePlanet:venus_block/4",
        "MorePlanet:venus_block/5",
        "MorePlanet:venus_block/6",
        "MorePlanet:venus_block/7",
        "MorePlanet:venus_block/8",
        "MorePlanet:venus_block/9",
        "MorePlanet:venus_block/10",
        "MorePlanet:venus_redstone_ore/0",
        "NetherOres:tile.netherores.ore.0/0",
        "NetherOres:tile.netherores.ore.0/1",
        "NetherOres:tile.netherores.ore.0/2",
        "NetherOres:tile.netherores.ore.0/3",
        "NetherOres:tile.netherores.ore.0/4",
        "NetherOres:tile.netherores.ore.0/5",
        "NetherOres:tile.netherores.ore.0/6",
        "NetherOres:tile.netherores.ore.0/7",
        "NetherOres:tile.netherores.ore.0/8",
        "NetherOres:tile.netherores.ore.0/9",
        "NetherOres:tile.netherores.ore.0/10",
        "NetherOres:tile.netherores.ore.0/11",
        "NetherOres:tile.netherores.ore.0/12",
        "NetherOres:tile.netherores.ore.0/13",
        "NetherOres:tile.netherores.ore.0/14",
        "NetherOres:tile.netherores.ore.0/15",
        "NetherOres:tile.netherores.ore.1/0",
        "NetherOres:tile.netherores.ore.1/1",
        "NetherOres:tile.netherores.ore.1/2",
        "NetherOres:tile.netherores.ore.1/3",
        "NetherOres:tile.netherores.ore.1/4",
        "NetherOres:tile.netherores.ore.1/5",
        "NetherOres:tile.netherores.ore.1/6",
        "NetherOres:tile.netherores.ore.1/7",
        "NetherOres:tile.netherores.ore.1/8",
        "NetherOres:tile.netherores.ore.1/9",
        "NetherOres:tile.netherores.ore.1/10",
        "NetherOres:tile.netherores.ore.1/11",
        "NetherOres:tile.netherores.ore.1/12",
        "NetherOres:tile.netherores.ore.1/13",
        "NetherOres:tile.netherores.ore.1/14",
        "NetherOres:tile.netherores.ore.1/15",
        "NuclearCraft:blockOre/0",
        "NuclearCraft:blockOre/1",
        "NuclearCraft:blockOre/2",
        "NuclearCraft:blockOre/3",
        "NuclearCraft:blockOre/4",
        "NuclearCraft:blockOre/5",
        "NuclearCraft:blockOre/6",
        "NuclearCraft:blockOre/7",
        "NuclearCraft:blockOre/8",
        "NuclearCraft:blockOre/9",
        "ProjRed|Exploration:projectred.exploration.ore/0",
        "ProjRed|Exploration:projectred.exploration.ore/1",
        "ProjRed|Exploration:projectred.exploration.ore/2",
        "ProjRed|Exploration:projectred.exploration.ore/3",
        "ProjRed|Exploration:projectred.exploration.ore/4",
        "ProjRed|Exploration:projectred.exploration.ore/5",
        "ProjRed|Exploration:projectred.exploration.ore/6",
        "Railcraft:ore/0",
        "Railcraft:ore/1",
        "Railcraft:ore/2",
        "Railcraft:ore/3",
        "Railcraft:ore/4",
        "Railcraft:ore/5",
        "Railcraft:ore/7",
        "Railcraft:ore/8",
        "Railcraft:ore/9",
        "Railcraft:ore/10",
        "Railcraft:ore/11",
        "ReactorCraft:reactorcraft_block_fluoriteore/0",
        "ReactorCraft:reactorcraft_block_fluoriteore/1",
        "ReactorCraft:reactorcraft_block_fluoriteore/2",
        "ReactorCraft:reactorcraft_block_fluoriteore/3",
        "ReactorCraft:reactorcraft_block_fluoriteore/4",
        "ReactorCraft:reactorcraft_block_fluoriteore/5",
        "ReactorCraft:reactorcraft_block_fluoriteore/6",
        "ReactorCraft:reactorcraft_block_fluoriteore/7",
        "ReactorCraft:reactorcraft_block_ore/1",
        "ReactorCraft:reactorcraft_block_ore/2",
        "ReactorCraft:reactorcraft_block_ore/3",
        "ReactorCraft:reactorcraft_block_ore/4",
        "ReactorCraft:reactorcraft_block_ore/5",
        "ReactorCraft:reactorcraft_block_ore/6",
        "ReactorCraft:reactorcraft_block_ore/7",
        "ReactorCraft:reactorcraft_block_ore/8",
        "ReactorCraft:reactorcraft_block_ore/9",
        "SpaceIo:io_basic/4",
        "SpaceMercury:mercury_block/4",
        "SpaceMercury:mercury_block/5",
        "SpaceMercury:mercury_block/6",
        "SpaceMercury:mercury_block/7",
        "SpaceMercury:mercury_block/8",
        "SpacePluto:pluto_block/4",
        "SpacePluto:pluto_block/5",
        "SpacePluto:pluto_block/6",
        "SpaceVenus:venus_basic/4",
        "SpaceVenus:venus_basic/5",
        "SpaceVenus:venus_basic/6",
        "SpaceVenus:venus_basic/7",
        "SpaceVenus:venus_basic/8",
        "SpaceVenus:venus_basic/9",
        "SpaceVenus:venus_basic/10",
        "SpaceVenus:venus_basic/11",
        "Steamcraft:steamcraftOre/0",
        "Steamcraft:steamcraftOre/1",
        "Steamcraft:steamcraftOre/2",
        "TConstruct:GravelOre/0",
        "TConstruct:GravelOre/1",
        "TConstruct:GravelOre/2",
        "TConstruct:GravelOre/3",
        "TConstruct:GravelOre/4",
        "TConstruct:GravelOre/5",
        "TConstruct:SearedBrick/1",
        "TConstruct:SearedBrick/2",
        "TConstruct:SearedBrick/3",
        "TConstruct:SearedBrick/4",
        "TConstruct:SearedBrick/5",
        "TConstruct:ore.berries.one/0",
        "TConstruct:ore.berries.one/1",
        "TConstruct:ore.berries.one/2",
        "TConstruct:ore.berries.one/3",
        "TConstruct:ore.berries.two/0",
        "TConstruct:ore.berries.two/1",
        "Thaumcraft:blockCustomOre/0",
        "Thaumcraft:blockCustomOre/1",
        "Thaumcraft:blockCustomOre/2",
        "Thaumcraft:blockCustomOre/3",
        "Thaumcraft:blockCustomOre/4",
        "Thaumcraft:blockCustomOre/5",
        "Thaumcraft:blockCustomOre/6",
        "Thaumcraft:blockCustomOre/7",
        "ThermalFoundation:Ore/0",
        "ThermalFoundation:Ore/1",
        "ThermalFoundation:Ore/2",
        "ThermalFoundation:Ore/3",
        "ThermalFoundation:Ore/4",
        "ThermalFoundation:Ore/5",
        "ThermalFoundation:Ore/6",
        "aobd:oreDustAdamantine/0",
        "aobd:oreDustAlduorite/0",
        "aobd:oreDustAluminium/0",
        "aobd:oreDustArdite/0",
        "aobd:oreDustAstralSilver/0",
        "aobd:oreDustAtlarus/0",
        "aobd:oreDustBoron/0",
        "aobd:oreDustCadmium/0",
        "aobd:oreDustCarbon/0",
        "aobd:oreDustCarmot/0",
        "aobd:oreDustCeruclase/0",
        "aobd:oreDustCobalt/0",
        "aobd:oreDustCrystal/0",
        "aobd:oreDustDeepIron/0",
        "aobd:oreDustDraconium/0",
        "aobd:oreDustEximite/0",
        "aobd:oreDustFronisium/0",
        "aobd:oreDustFrozenIron/0",
        "aobd:oreDustHeeEndium/0",
        "aobd:oreDustIgnatius/0",
        "aobd:oreDustIndium/0",
        "aobd:oreDustInfuscolium/0",
        "aobd:oreDustIridium/0",
        "aobd:oreDustKalendrite/0",
        "aobd:oreDustLemurite/0",
        "aobd:oreDustLithium/0",
        "aobd:oreDustMagnesium/0",
        "aobd:oreDustManganese/0",
        "aobd:oreDustMercury/0",
        "aobd:oreDustMetallic/0",
        "aobd:oreDustMeteorite/0",
        "aobd:oreDustMeutoite/0",
        "aobd:oreDustMidasium/0",
        "aobd:oreDustMithril/0",
        "aobd:oreDustNorium/0",
        "aobd:oreDustObsidian/0",
        "aobd:oreDustOrichalcum/0",
        "aobd:oreDustOureclase/0",
        "aobd:oreDustPalladium/0",
        "aobd:oreDustPlutonium/0",
        "aobd:oreDustPrometheum/0",
        "aobd:oreDustQuontonium/0",
        "aobd:oreDustRubracium/0",
        "aobd:oreDustRutile/0",
        "aobd:oreDustSanguinite/0",
        "aobd:oreDustShadowIron/0",
        "aobd:oreDustSilicon/0",
        "aobd:oreDustSteel/0",
        "aobd:oreDustSulfur/0",
        "aobd:oreDustThorium/0",
        "aobd:oreDustTitanium/0",
        "aobd:oreDustTungsten/0",
        "aobd:oreDustUranium/0",
        "aobd:oreDustVulcanite/0",
        "aobd:oreDustVyroxeres/0",
        "aobd:oreDustYellorium/0",
        "aobd:oreDustZinc/0",
        "aobd:oreGravelAdamantine/0",
        "aobd:oreGravelAlduorite/0",
        "aobd:oreGravelAluminium/0",
        "aobd:oreGravelArdite/0",
        "aobd:oreGravelAstralSilver/0",
        "aobd:oreGravelAtlarus/0",
        "aobd:oreGravelBoron/0",
        "aobd:oreGravelCadmium/0",
        "aobd:oreGravelCarbon/0",
        "aobd:oreGravelCarmot/0",
        "aobd:oreGravelCeruclase/0",
        "aobd:oreGravelCobalt/0",
        "aobd:oreGravelCrystal/0",
        "aobd:oreGravelDeepIron/0",
        "aobd:oreGravelDraconium/0",
        "aobd:oreGravelEximite/0",
        "aobd:oreGravelFronisium/0",
        "aobd:oreGravelFrozenIron/0",
        "aobd:oreGravelHeeEndium/0",
        "aobd:oreGravelIgnatius/0",
        "aobd:oreGravelIndium/0",
        "aobd:oreGravelInfuscolium/0",
        "aobd:oreGravelIridium/0",
        "aobd:oreGravelKalendrite/0",
        "aobd:oreGravelLemurite/0",
        "aobd:oreGravelLithium/0",
        "aobd:oreGravelMagnesium/0",
        "aobd:oreGravelManganese/0",
        "aobd:oreGravelMercury/0",
        "aobd:oreGravelMetallic/0",
        "aobd:oreGravelMeteorite/0",
        "aobd:oreGravelMeutoite/0",
        "aobd:oreGravelMidasium/0",
        "aobd:oreGravelMithril/0",
        "aobd:oreGravelNorium/0",
        "aobd:oreGravelObsidian/0",
        "aobd:oreGravelOrichalcum/0",
        "aobd:oreGravelOureclase/0",
        "aobd:oreGravelPalladium/0",
        "aobd:oreGravelPlutonium/0",
        "aobd:oreGravelPrometheum/0",
        "aobd:oreGravelQuontonium/0",
        "aobd:oreGravelRubracium/0",
        "aobd:oreGravelRutile/0",
        "aobd:oreGravelSanguinite/0",
        "aobd:oreGravelShadowIron/0",
        "aobd:oreGravelSilicon/0",
        "aobd:oreGravelSteel/0",
        "aobd:oreGravelSulfur/0",
        "aobd:oreGravelThorium/0",
        "aobd:oreGravelTitanium/0",
        "aobd:oreGravelTungsten/0",
        "aobd:oreGravelUranium/0",
        "aobd:oreGravelVulcanite/0",
        "aobd:oreGravelVyroxeres/0",
        "aobd:oreGravelYellorium/0",
        "aobd:oreGravelZinc/0",
        "aobd:oreNetherGravelAdamantine/0",
        "aobd:oreNetherGravelAlduorite/0",
        "aobd:oreNetherGravelAluminium/0",
        "aobd:oreNetherGravelArdite/0",
        "aobd:oreNetherGravelAstralSilver/0",
        "aobd:oreNetherGravelAtlarus/0",
        "aobd:oreNetherGravelBoron/0",
        "aobd:oreNetherGravelCadmium/0",
        "aobd:oreNetherGravelCarbon/0",
        "aobd:oreNetherGravelCarmot/0",
        "aobd:oreNetherGravelCeruclase/0",
        "aobd:oreNetherGravelCobalt/0",
        "aobd:oreNetherGravelCrystal/0",
        "aobd:oreNetherGravelDeepIron/0",
        "aobd:oreNetherGravelDraconium/0",
        "aobd:oreNetherGravelEximite/0",
        "aobd:oreNetherGravelFronisium/0",
        "aobd:oreNetherGravelFrozenIron/0",
        "aobd:oreNetherGravelHeeEndium/0",
        "aobd:oreNetherGravelIgnatius/0",
        "aobd:oreNetherGravelIndium/0",
        "aobd:oreNetherGravelInfuscolium/0",
        "aobd:oreNetherGravelIridium/0",
        "aobd:oreNetherGravelKalendrite/0",
        "aobd:oreNetherGravelLemurite/0",
        "aobd:oreNetherGravelLithium/0",
        "aobd:oreNetherGravelMagnesium/0",
        "aobd:oreNetherGravelManganese/0",
        "aobd:oreNetherGravelMercury/0",
        "aobd:oreNetherGravelMetallic/0",
        "aobd:oreNetherGravelMeteorite/0",
        "aobd:oreNetherGravelMeutoite/0",
        "aobd:oreNetherGravelMidasium/0",
        "aobd:oreNetherGravelMithril/0",
        "aobd:oreNetherGravelNorium/0",
        "aobd:oreNetherGravelObsidian/0",
        "aobd:oreNetherGravelOrichalcum/0",
        "aobd:oreNetherGravelOureclase/0",
        "aobd:oreNetherGravelPalladium/0",
        "aobd:oreNetherGravelPlutonium/0",
        "aobd:oreNetherGravelPrometheum/0",
        "aobd:oreNetherGravelQuontonium/0",
        "aobd:oreNetherGravelRubracium/0",
        "aobd:oreNetherGravelRutile/0",
        "aobd:oreNetherGravelSanguinite/0",
        "aobd:oreNetherGravelShadowIron/0",
        "aobd:oreNetherGravelSilicon/0",
        "aobd:oreNetherGravelSteel/0",
        "aobd:oreNetherGravelSulfur/0",
        "aobd:oreNetherGravelThorium/0",
        "aobd:oreNetherGravelTitanium/0",
        "aobd:oreNetherGravelTungsten/0",
        "aobd:oreNetherGravelUranium/0",
        "aobd:oreNetherGravelVulcanite/0",
        "aobd:oreNetherGravelVyroxeres/0",
        "aobd:oreNetherGravelYellorium/0",
        "aobd:oreNetherGravelZinc/0",
        "aobd:oreSandAdamantine/0",
        "aobd:oreSandAlduorite/0",
        "aobd:oreSandAluminium/0",
        "aobd:oreSandArdite/0",
        "aobd:oreSandAstralSilver/0",
        "aobd:oreSandAtlarus/0",
        "aobd:oreSandBoron/0",
        "aobd:oreSandCadmium/0",
        "aobd:oreSandCarbon/0",
        "aobd:oreSandCarmot/0",
        "aobd:oreSandCeruclase/0",
        "aobd:oreSandCobalt/0",
        "aobd:oreSandCrystal/0",
        "aobd:oreSandDeepIron/0",
        "aobd:oreSandDraconium/0",
        "aobd:oreSandEximite/0",
        "aobd:oreSandFronisium/0",
        "aobd:oreSandFrozenIron/0",
        "aobd:oreSandHeeEndium/0",
        "aobd:oreSandIgnatius/0",
        "aobd:oreSandIndium/0",
        "aobd:oreSandInfuscolium/0",
        "aobd:oreSandIridium/0",
        "aobd:oreSandKalendrite/0",
        "aobd:oreSandLemurite/0",
        "aobd:oreSandLithium/0",
        "aobd:oreSandMagnesium/0",
        "aobd:oreSandManganese/0",
        "aobd:oreSandMercury/0",
        "aobd:oreSandMetallic/0",
        "aobd:oreSandMeteorite/0",
        "aobd:oreSandMeutoite/0",
        "aobd:oreSandMidasium/0",
        "aobd:oreSandMithril/0",
        "aobd:oreSandNorium/0",
        "aobd:oreSandObsidian/0",
        "aobd:oreSandOrichalcum/0",
        "aobd:oreSandOureclase/0",
        "aobd:oreSandPalladium/0",
        "aobd:oreSandPlutonium/0",
        "aobd:oreSandPrometheum/0",
        "aobd:oreSandQuontonium/0",
        "aobd:oreSandRubracium/0",
        "aobd:oreSandRutile/0",
        "aobd:oreSandSanguinite/0",
        "aobd:oreSandShadowIron/0",
        "aobd:oreSandSilicon/0",
        "aobd:oreSandSteel/0",
        "aobd:oreSandSulfur/0",
        "aobd:oreSandThorium/0",
        "aobd:oreSandTitanium/0",
        "aobd:oreSandTungsten/0",
        "aobd:oreSandUranium/0",
        "aobd:oreSandVulcanite/0",
        "aobd:oreSandVyroxeres/0",
        "aobd:oreSandYellorium/0",
        "aobd:oreSandZinc/0",
        "appliedenergistics2:tile.OreQuartz/0",
        "appliedenergistics2:tile.OreQuartzCharged/0",
        "erebus:oreAluminium/0",
        "erebus:oreCoal/0",
        "erebus:oreCopper/0",
        "erebus:oreDiamond/0",
        "erebus:oreEmerald/0",
        "erebus:oreEncrustedDiamond/0",
        "erebus:oreFossil/0",
        "erebus:oreGneiss/0",
        "erebus:oreGold/0",
        "erebus:oreIron/0",
        "erebus:oreJade/0",
        "erebus:oreLapis/0",
        "erebus:oreLead/0",
        "erebus:orePetrifiedWood/0",
        "erebus:oreQuartz/0",
        "erebus:oreSilver/0",
        "erebus:oreTin/0",
        "jp-plusplus-ir2:ore/0",
        "jp-plusplus-ir2:ore/1",
        "jp-plusplus-ir2:ore/2",
        "magicalcrops:MinicioOre/0",
        "magicalcrops:magicalcrops_MinicioOre/0",
        "meteors:BlockFrezariteOre/0",
        "meteors:BlockMeteorOre/0",
        "minechem:tile.oreUranium/0",
        "minecraft:coal_ore",
        "minecraft:cobblestone_wall",
        "minecraft:diamond_ore",
        "minecraft:emerald_ore",
        "minecraft:glowstone",
        "minecraft:gold_ore",
        "minecraft:iron_ore",
        "minecraft:lapis_ore",
        "minecraft:lit_redstone_ore",
        "minecraft:mossy_cobblestone",
        "minecraft:nether_brick_fence",
        "minecraft:obsidian",
        "minecraft:quartz_ore",
        "minecraft:redstone_ore",
        "quantumflux:titaniumOre/0"
      ]
    },
    "shears": {
      "name": "Shears",
      "icon": "minecraft:shears",
      "toollist": [
        "minecraft:shears"
      ],
      "blocklist": [
        "BiomesOPlenty:appleLeaves",
        "BiomesOPlenty:colorizedLeaves1",
        "BiomesOPlenty:colorizedLeaves2",
        "BiomesOPlenty:leaves1",
        "BiomesOPlenty:leaves2",
        "BiomesOPlenty:leaves3",
        "BiomesOPlenty:leaves4",
        "BiomesOPlenty:persimmonLeaves",
        "MorePlanet:ancient_dark_leaves",
        "MorePlanet:crystal_leaves",
        "MorePlanet:fronos_leaves",
        "MorePlanet:fronos_leaves2",
        "MorePlanet:orange_leaves",
        "Natura:Dark Leaves",
        "Natura:Rare Leaves",
        "Natura:floraleaves",
        "Natura:floraleavesnocolor",
        "TwilightForest:tile.TFLeaves",
        "TwilightForest:tile.TFMagicLeaves",
        "erebus:leavesAsper/0",
        "erebus:leavesBaobab/0",
        "erebus:leavesCypress/0",
        "erebus:leavesEucalyptus/0",
        "erebus:leavesMahogany/0",
        "erebus:leavesMarshwood/0",
        "erebus:leavesMossbark/0",
        "erebus:leavesSap/0",
        "exnihilo:infested_leaves",
        "minecraft:deadbush",
        "minecraft:leaves",
        "minecraft:leaves2",
        "minecraft:tallgrass",
        "minecraft:vine",
        "minecraft:web",
        "minecraft:wool",
        "witchery:witchleaves"
      ]
    },
    "shovel": {
      "name": "Shovel",
      "icon": "minecraft:diamond_shovel",
      "toollist": [
        "TConstruct:mattock",
        "TConstruct:shovel",
        "appliedenergistics2:item.ToolCertusQuartzSpade",
        "appliedenergistics2:item.ToolNetherQuartzSpade",
        "minecraft:diamond_shovel",
        "minecraft:golden_shovel",
        "minecraft:iron_shovel",
        "minecraft:stone_shovel",
        "minecraft:wooden_shovel"
      ],
      "blocklist": [
        "minecraft:clay",
        "minecraft:gravel"
      ]
    }
  }
}