{
  "topleft": [
    [
      {
        "str": "Day {day}, {mctime} ("
      },
      {
        "if": [
          {
            "var": "daytime"
          },
          {
            "str": "$eDay"
          },
          {
            "str": "$8Night"
          }
        ]
      },
      {
        "str": " time$f)"
      }
    ],
    [
      {
        "str": "Biome: $e{biome}$f"
      },
      {
        "if": [
          {
            "var": "slimes"
          },
          {
            "str": " ($aSlime$f)"
          },
          {
            "str": " "
          }
        ]
      }
    ],
    [
      {
        "str": "FPS: "
      },
      {
        "op": [
          {
            "str": "gt"
          },
          {
            "var": "fps"
          },
          {
            "num": 60
          },
          {
            "num": 45
          },
          {
            "num": 30
          },
          {
            "num": 15
          },
          {
            "num": 0
          },
          {
            "str": "$a"
          },
          {
            "str": "$e"
          },
          {
            "str": "$6"
          },
          {
            "str": "$c"
          },
          {
            "str": "$4"
          },
          {
            "str": ""
          }
        ]
      },
      {
        "var": "fps"
      }
    ],
    [
      {
        "str": "Entities: $e{entitiesrendered}$f / $e{entitiestotal}$f"
      }
    ]
  ],
  "bottomleft": [
    [
      {
        "var": "equippedicon"
      },
      {
        "str": " "
      },
      {
        "op": [
          {
            "str": "ge"
          },
          {
            "pct": [
              {
                "var": "equippeddamageleft"
              },
              {
                "var": "equippedmaxdamage"
              }
            ]
          },
          {
            "num": 50
          },
          {
            "num": 20
          },
          {
            "num": 10
          },
          {
            "num": 0
          },
          {
            "str": "$e"
          },
          {
            "str": "$6"
          },
          {
            "str": "$c"
          },
          {
            "str": "$4"
          },
          {
            "str": ""
          }
        ]
      },
      {
        "max": [
          {
            "var": "equippeddamageleft"
          },
          {
            "num": 0.5
          },
          {
            "str": "{equippeddamageleft}$f / $e{equippedmaxdamage}"
          },
          {
            "var": "equippedname"
          }
        ]
      }
    ],
    [
      {
        "str": " "
      }
    ]
  ],
  "bottomright": [
    [
      {
        "max": [
          {
            "var": "potiondurationticks0"
          },
          {
            "num": 0.5
          },
          {
            "str": "{potionduration0} {potionicon0}"
          },
          {
            "str": ""
          }
        ]
      }
    ],
    [
      {
        "max": [
          {
            "var": "potiondurationticks1"
          },
          {
            "num": 0.5
          },
          {
            "str": "{potionduration1} {potionicon1}"
          },
          {
            "str": ""
          }
        ]
      }
    ],
    [
      {
        "max": [
          {
            "var": "potiondurationticks2"
          },
          {
            "num": 0.5
          },
          {
            "str": "{potionduration2} {potionicon2}"
          },
          {
            "str": ""
          }
        ]
      }
    ],
    [
      {
        "max": [
          {
            "var": "potiondurationticks3"
          },
          {
            "num": 0.5
          },
          {
            "str": "{potionduration3} {potionicon3}"
          },
          {
            "str": ""
          }
        ]
      }
    ],
    [
      {
        "max": [
          {
            "var": "potiondurationticks4"
          },
          {
            "num": 0.5
          },
          {
            "str": "{potionduration4} {potionicon4}"
          },
          {
            "str": ""
          }
        ]
      }
    ],
    [
      {
        "max": [
          {
            "var": "potiondurationticks5"
          },
          {
            "num": 0.5
          },
          {
            "str": "{potionduration5} {potionicon5}"
          },
          {
            "str": ""
          }
        ]
      }
    ],
    [
      {
        "max": [
          {
            "var": "potiondurationticks6"
          },
          {
            "num": 0.5
          },
          {
            "str": "{potionduration6} {potionicon6}"
          },
          {
            "str": ""
          }
        ]
      }
    ],
    [
      {
        "max": [
          {
            "var": "potiondurationticks7"
          },
          {
            "num": 0.5
          },
          {
            "str": "{potionduration7} {potionicon7}"
          },
          {
            "str": ""
          }
        ]
      }
    ],
    [
      {
        "max": [
          {
            "var": "potiondurationticks8"
          },
          {
            "num": 0.5
          },
          {
            "str": "{potionduration8} {potionicon8}"
          },
          {
            "str": ""
          }
        ]
      }
    ],
    [
      {
        "str": " "
      }
    ],
    [
      {
        "op": [
          {
            "str": "ge"
          },
          {
            "pct": [
              {
                "var": "helmetdamageleft"
              },
              {
                "var": "helmetmaxdamage"
              }
            ]
          },
          {
            "num": 50
          },
          {
            "num": 20
          },
          {
            "num": 10
          },
          {
            "str": "$e"
          },
          {
            "str": "$6"
          },
          {
            "str": "$c"
          },
          {
            "str": "$4"
          }
        ]
      },
      {
        "max": [
          {
            "var": "helmetdamageleft"
          },
          {
            "num": 0.5
          },
          {
            "str": "{helmetdamageleft}$f / $e{helmetmaxdamage}"
          },
          {
            "str": ""
          }
        ]
      },
      {
        "str": " "
      },
      {
        "var": "helmeticon"
      }
    ],
    [
      {
        "op": [
          {
            "str": "ge"
          },
          {
            "pct": [
              {
                "var": "chestplatedamageleft"
              },
              {
                "var": "chestplatemaxdamage"
              }
            ]
          },
          {
            "num": 50
          },
          {
            "num": 20
          },
          {
            "num": 10
          },
          {
            "str": "$e"
          },
          {
            "str": "$6"
          },
          {
            "str": "$c"
          },
          {
            "str": "$4"
          }
        ]
      },
      {
        "max": [
          {
            "var": "chestplatedamageleft"
          },
          {
            "num": 0.5
          },
          {
            "str": "{chestplatedamageleft}$f / $e{chestplatemaxdamage}"
          },
          {
            "str": ""
          }
        ]
      },
      {
        "str": " "
      },
      {
        "var": "chestplateicon"
      }
    ],
    [
      {
        "op": [
          {
            "str": "ge"
          },
          {
            "pct": [
              {
                "var": "leggingsdamageleft"
              },
              {
                "var": "leggingsmaxdamage"
              }
            ]
          },
          {
            "num": 50
          },
          {
            "num": 20
          },
          {
            "num": 10
          },
          {
            "str": "$e"
          },
          {
            "str": "$6"
          },
          {
            "str": "$c"
          },
          {
            "str": "$4"
          }
        ]
      },
      {
        "max": [
          {
            "var": "leggingsdamageleft"
          },
          {
            "num": 0.5
          },
          {
            "str": "{leggingsdamageleft}$f / $e{leggingsmaxdamage}"
          },
          {
            "str": ""
          }
        ]
      },
      {
        "str": " "
      },
      {
        "var": "leggingsicon"
      }
    ],
    [
      {
        "op": [
          {
            "str": "ge"
          },
          {
            "pct": [
              {
                "var": "bootsdamageleft"
              },
              {
                "var": "bootsmaxdamage"
              }
            ]
          },
          {
            "num": 50
          },
          {
            "num": 20
          },
          {
            "num": 10
          },
          {
            "str": "$e"
          },
          {
            "str": "$6"
          },
          {
            "str": "$c"
          },
          {
            "str": "$4"
          }
        ]
      },
      {
        "max": [
          {
            "var": "bootsdamageleft"
          },
          {
            "num": 0.5
          },
          {
            "str": "{bootsdamageleft}$f / $e{bootsmaxdamage}"
          },
          {
            "str": ""
          }
        ]
      },
      {
        "str": " "
      },
      {
        "var": "bootsicon"
      }
    ]
  ]
}