{"TheResonantGamer":[{"\u003d\u003d\u003d Era of OPness \u003d\u003d\u003d":false},{"If doing a one chunk challenge adjust each challenge accordingly":false},{"Build a completely filled max size Reactor with gelid cryotheum and diamond blocks":false},{"Automate sieve ores into ingots":false},{"Create 2 tier 7 draconic energy core":false},{"Produce 2.14 trillion rf/t":false},{"Breathe on your spacestation without oxygen gear":false},{"Build 2 or more max height turbines that are kept running":false},{"Supply power to mekanism\u0027s lasers":false},{"Create 3 or more max sized solar evaporation plants":false},{"Build a self-sustaining fusion reactor from mekanism":false},{"Supply enough rf to power the Wither boss dimlet":false},{"Automate glass smelting":false},{"Automate stone smelting":false},{"Store your items in a AE system that is using deep storage units for storage(Don\u0027t need to store every item just some)":false},{"Surround your AE system with cloud blocks":false},{"Build tier 11 Solar flux panels in a dimension that is always day and use tesseracts or dimensional transceivers to transfer the power":false},{"Automate ore processing using Pulverizers and Elite Smelting Factories":false},{"Set a Buildcraft quarry to mine an Rftools dimension":false},{"Open 1 stack Chance Cubes and 1 stack of Icosahedron (any before this challenge don\u0027t count and without pendents) and hope you don\u0027t die":false},{"Automate moofluid milking":false},{"Replace the blocks on your automatic mob farm with dark glass(or atleast the part where the mobs are killed)":false},{"Use Digital Miner to dig ores in the Deep Dark":false},{"Use Open Modular Turrets to defend your bases (if mobs can spawn in that dimension)":false},{"Store Power in a 5x5x5 vibrant capacitor bank":false},{"Store Power using mekanism\u0027s power storage multiblock":false},{"Spread your AE system to another dimension where you have a secure base":false},{"Use OpenModularTurret\u0027s railgun to kill an ender dragon, wither, or a chaos dragon":false},{"Automate 30 different magical crop farms using ender io farming stations or mfr harvesters/planters":false},{"Use Growth pulsers to speed up magical crops growth":false},{"Use Imaginary Time Block to accelerate magical crop growth":false},{"Set mfr lasers to mine the void for free ores":false},{"Fill a max upgraded jabba barrel with oak leaves":false},{"Make an ender lily farm":false},{"Kill the Gaia Guardian 4 times":false},{"Fill a Jabba barrel with obsidian by only using lava fabricators and stone barrels":false},{"Kill the Chaos Guardian 5 times":false},{"Community set challenges":false},{"Sevenlances- Create an insane Tinkers\u0027 weapon":false},{"Shadows_Assassin- Gather 1 of each mob head":false},{"OG Arist0tle- Obtain 1 stack of Demon steel of the 11th Magnitude":false},{"94onTTv- Produce 1 million EMC/minute":false},{"Completed 100% of Project Ozone":false},{"Thanks for playing Project Ozone, I hope you had fun and will play again in the future":false}]}