{
    "images":
    {
        "title":
        {
            "image" : "modpack:textures/gui/ProjectOzone2Logo.png",
            "posX" : -180,
            "posY" : -60,
            "width" : 300,
            "height" : 300,
            "alignment" : "top_center"
        }
    },
    
    "buttons":
    {
        "singleplayer":
        {
            "text" : "Singleplayer",
            "posX" : -200,
            "posY" : 92,
            "width" : 128,
            "height" : 20,
			"texture" : "modpack:textures/gui/buttons.png",
            "action" : 
            {
                "type" : "openGui",
                "gui" : "singleplayer"
            }
        },
        
        "multiplayer":
        {
            "text" : "Multiplayer",
            "posX" : -60,
            "posY" : 92,
            "width" : 128,
            "height" : 20,
			"texture" : "modpack:textures/gui/buttons.png",
            "action" : 
            {
                "type" : "openGui",
                "gui" : "multiplayer"
            }
        },
        
        "mods":
        {
            "text" : "Mods",
            "posX" : -200,
            "posY" : 158,
            "width" : 128,
            "height" : 20,
			"texture" : "modpack:textures/gui/buttons.png",
            "action" : 
            {
                "type" : "openGui",
                "gui" : "mods"
            }
        },
            
        "options":
        {
            "text" : "Settings",
            "posX" : 80,
            "posY" : 92,
            "width" : 128,
            "height" : 20,
			"texture" : "modpack:textures/gui/buttons.png",
            "action" : 
            {
                "type" : "openGui",
                "gui" : "options"
            }
        },
        
        "quit":
        {
            "text" : "menu.quit",
            "posX" : -60,
            "posY" : 158,
            "width" : 128,
            "height" : 20,
			"texture" : "modpack:textures/gui/buttons.png",
            "action" : 
            {
                "type" : "quit"
            }
        },
        
        "language":
        {
            "text" : "Language",
            "posX" : 80,
            "posY" : 158,
            "width" : 128,
            "height" : 20,
			"texture" : "modpack:textures/gui/buttons.png",
            "action" : 
            {
                "type" : "openGui",
                "gui" : "languages"
            }
        },
        
        "refresh":
        {
            "text" : "",
            "posX" : -70,
            "posY" : 158,
            "width" : 0,
            "height" : 0,
            "texture" : "modpack:textures/gui/buttons.png",
            "action" : 
            {
                "type" : "refresh"
            }
        },
		
		"submenu":
		{
			"text" : "Extras",
			"posX" : -60,
            "posY" : 125,
            "width" : 128,
            "height" : 20,
            "texture" : "modpack:textures/gui/buttons.png",
            "action" : 
            {
                "type" : "openGui",
				"gui" : "custom.Content"
			}
		}
    },
	
    "texts":
    {
        "mojang":
        {
            "text" : "Copyright Mojang AB. Do not distribute!",
            "posX" : 2,
            "posY" : -10,
            "color" : -1,
            "alignment" : "bottom_left"
        },
        
        "fml":
        {
            "text" : "",
            "posX" : 2,
            "posY" : -55,
            "color" : -1,
            "alignment" : "bottom_left"
        }
    },
    
    "other":
    {
        "splash-text":
        {
            "posX" : 90,
            "posY" : 70,
            "color" : -256,
            "alignment" : "top_center",
            "texts" : "file:modpack:texts/splashes.txt"
        },
        
        "panorama":
        {
            "images" : "sky:textures/gui/panorama_%c.png",
            "animate" : true,
            "animationSpeed" : 1,
            "blur" : false,
            "gradient" : false
        }
    }
}