{"TheResonantGamer":[{"\u003d\u003d\u003d Era of OPness \u003d\u003d\u003d":false},{"If doing a one chunk challenge adjust each challenge accordingly":false},{"Build a completely filled max size Reactor with gelid cryotheum and diamond blocks":false},{"Create 2 tier 7 draconic energy core":false},{"Produce 2.14 trillion rf/t and store it":false},{"Make it so you can breathe on your spacestation without oxygen gear":false},{"Build 2 or more max size turbines that are kept running":false},{"Supply power to mekanism\u0027s lasers":false},{"Create 3 or more max sized solar evaporation plants":false},{"Build a fusion reactor from mekanism":false},{"Supply enough rf to power the Wither boss dimlet":false},{"Automate glass making":false},{"Make an infinite glowstone generator using almost any method":false},{"Store your items in a AE system that is using deep storage units for storage(Don\u0027t need to store every item just some)":false},{"Surround your AE system with cloud blocks":false},{"Build tier 6 Solar flux panels(or higher) in the Twilight Forest and use tesseracts or dimensional transceivers to transfer the power":false},{"Automate ore processing using Pulverizers and Elite Smelting Factories":false},{"Set a Buildcraft quarry to mine an Rftools dimension":false},{"Open 1 stack Chance Cubes and 1 stack of Icosahedron (any before this challenge don\u0027t count) and hope you don\u0027t die":false},{"Automate moofluid milking":false},{"Replace the blocks on your automatic mob farm with dark glass(or atleast the part where the mobs are killed)":false},{"Use Digital Miner to dig ores in the Deep Dark":false},{"Build a base in every dimension excluding rftools and random things":false},{"Use Open Modular Turrets to defend your bases":false},{"Store Power in a 5x5x5 vibrant capacitor bank":false},{"Store Power using mekanism\u0027s power storage multiblock":false},{"Automate sieve ores into ingots":false},{"Spread your AE system to another dimension where you have a secure base":false},{"Use OpenModularTurret\u0027s railgun to kill an ender dragon, wither, or a chaos dragon":false},{"Automate 30 magical crop farms using ender io farming stations":false},{"Use lilypads of fertility on one magical crop farm":false},{"Use Growth pulsers to speed up magical crops growth":false},{"Use Imaginary Time Block to accelerate magical crop growth":false},{"Create an unbreakable tartarite tool(probably gonna be a mattock)":false},{"Set mfr lasers to mine the void for free ores":false},{"Fill a deep storage unit with oak leaves":false},{"Sevenlances- Create an insane Tinkers\u0027 weapon":false},{"Make an ender lily farm":false},{"Kill the Gaia Guardian 4 times":false},{"Shadows_Assassin- Gather 1 of each mob head":false},{"Fill a deep storage unit with obsidian by only using lava fabricators and stone barrels":false},{"OG Arist0tle- Obtain 1 stack of Angel steel of the 11th degree":false},{"94onTTv- Produce 1 million EMC/second":false},{"Kill the Chaos Guardian one time":false},{"Completed 100% of Project Ozone":false},{"Thanks for playing Project Ozone, I hope you had fun and will play again in the future":false}]}