{"TheResonantGamer":[{"\u003d\u003d\u003d Era of OPness \u003d\u003d\u003d":false},{"If doing a one chunk challenge adjust each challenge accordingly":false},{"Build a completely filled max size Reactor with gelid cryotheum and diamond blocks":false},{"Create 2 tier 7 draconic energy core":false},{"Supply power to mekanism\u0027s lasers":false},{"Supply enough rf to power the Wither boss dimlet":false},{"Store your items in a AE system that is using deep storage units for storage(Don\u0027t need to store every item just some)":false},{"Surround your AE system with cloud blocks":false},{"Automate ore processing using Pulverizers and Elite Smelting Factories":false},{"Set a Buildcraft quarry to mine an Rftools dimension":false},{"Automate moofluid milking":false},{"Replace the blocks on your automatic mob farm with dark glass(or atleast the part where the mobs are killed)":false},{"Use Digital Miner to dig ores in the Deep Dark":false},{"Store Power in a 5x5x5 vibrant capacitor bank":false},{"Automate sieve ores into ingots":false},{"Use Imaginary Time Block to accelerate magical crop growth":false},{"Set mfr lasers to mine the void for free ores":false},{"Make an ender lily farm":false}],"Cazador_Sniper":[{"\u003d\u003d\u003d Era of OPness \u003d\u003d\u003d":false},{"If doing a one chunk challenge adjust each challenge accordingly":false},{"Build a completely filled max size Reactor with gelid cryotheum and diamond blocks":false},{"Break down cobblestone into gravel, sand, and dust by using Magneticraft crushers and sieve them":false},{"Automate sieve ores into ingots":false},{"10 10 10 all magical crop seeds":false},{"10 10 10 all harvestcraft seeds":false},{"Make all Karat Carrots":false},{"Craft Sword of the Cosmos":false},{"Craft World Breaker":false},{"Craft Longbow of the Heavens":false},{"Craft Infinity Armor":false},{"Create 2 tier 7 draconic energy core":false},{"Store more power in a Mekanism power storage multiblock than the max Draconic energy Core":false},{"Produce 10 billion rf/t":false},{"Breathe on your spacestation without oxygen gear using oxygen sealers":false},{"Build 2 or more max height turbines that are kept running":false},{"Supply power to mekanism\u0027s lasers":false},{"Create 3 or more max sized thermal evaporation plants":false},{"Build a self-sustaining fusion reactor from mekanism":false},{"Supply enough rf to power the Wither boss dimlet":false},{"Automate glass smelting":false},{"Automate stone smelting":false},{"Store your items in a AE system that is using deep storage units for storage(Don\u0027t need to store every item just some)":false},{"Surround your AE system with cloud blocks":false},{"Build tier 11 Solar flux panels in a dimension that is always day and use tesseracts, dimensional transceivers, ender batteries, or quantum entangloporters to transfer the power":false},{"Automate ore processing using Pulverizers and Elite Smelting Factories":false},{"Set a Buildcraft quarry to mine an Rftools dimension":false},{"Open 1 stack Chance Cubes and 1 stack of Icosahedron (any before this challenge don\u0027t count and without pendents) and hope you don\u0027t die":false},{"Automate moofluid milking":false},{"Replace the blocks on your automatic mob farm with dark glass(or atleast the part where the mobs are killed)":false},{"Use Digital Miner to dig ores in the Deep Dark":false},{"Use Open Modular Turrets to defend your bases (if mobs can spawn in that dimension)":false},{"Store Power in a 5x5x5 vibrant capacitor bank":false},{"Build another AE system in another dimension where you have a secure base":false},{"Use OpenModularTurret\u0027s railgun to kill an Ender Dragon, Wither, or an Antlion Overlord":false},{"Automate 20 different magical crop farms using ender io farming stations or mfr harvesters/planters":false},{"Use Growth pulsers to speed up magical crops growth in a 15x15 field (64 Growth pulsers under each crop)":false},{"Use Imaginary Time Block to accelerate magical crop growth":false},{"Set mfr lasers to mine the void for free ores":false},{"Make an ender lily farm":false},{"Kill a Wither using endest pearls":false},{"Kill the Gaia Guardian 4 times (any before this does not count)":false},{"Kill the Chaos Guardian 8 times using the sword of cosmos":false},{"Mine out an Aether dungeon entirely (except for unmineable blocks or blocks you shouldn\u0027t mine at all)":false},{"Use magneticraft to fill a resonant energy cell without the creative energy block":false},{"Fill an experience obelisk with 2000 levels worth of experience":false},{"Community set challenges":false},{"Shadows_Assassin- Gather 1 of each mob head (Gaia head excluded)":false},{"OG Arist0tle- Obtain 1 stack of Demon steel of the 11th Magnitude (without using emc)":false},{"94onTTv- Produce 1 million EMC/minute":false},{"Either mode counts as 100% don\u0027t need to do both":false},{"Normal mode":false},{"Completed 100% of Project Ozone 2 in Normal mode":false},{"Titan mode":false},{"Craft the creative energy cell":false},{"Craft the creative AE energy cell":false},{"Craft the creative portable tank":false},{"Craft the creative infinite energy block from magneticraft":false},{"Craft the creative infinite steam block from magneticraft":false},{"Craft the creative turbine steam generator":false},{"Craft the creative compressor":false},{"Craft the creative dimension builder":false},{"Completed 100% of Project Ozone 2 in Titan Mode":false},{"Thanks for playing Project Ozone 2, I hope you had fun and will play again in the future":false}]}