{"stat.useItem.351":10,"stat.useItem.397":4,"stat.walkOneCm":188437,"stat.killEntity.Creeper":1,"stat.useItem.76":4,"stat.jump":191,"stat.swimOneCm":1960,"stat.fallOneCm":269,"stat.useItem.70":2,"stat.mineBlock.50":9,"achievement.exploreAllBiomes":{"value":0,"progress":["Sunflower Plains","Roofed Forest","Taiga","TaigaHills"]},"stat.useItem.38":2,"stat.useItem.137":3,"achievement.openInventory":108,"stat.damageTaken":-2147467169,"achievement.botania:flowerPickup":86,"stat.mobKills":12,"stat.useItem.46":2,"stat.flyOneCm":417186,"stat.mineBlock.38":2,"stat.useItem.6":1,"stat.mineBlock.37":1,"stat.deaths":9,"stat.useItem.7":39,"stat.drop":367,"stat.useItem.50":10,"stat.useItem.389":1,"stat.playOneMinute":149564,"stat.useItem.3":468,"stat.killEntity.Villager":1,"stat.damageDealt":200,"stat.killEntity.Blizz":1,"stat.mineBlock.76":1,"stat.diveOneCm":10157,"stat.useItem.58":2,"stat.mineBlock.31":11}